187,161.568,211.2,183.92,179.168,169.224,1,0.001353179973
187,161.568,211.2,183.92,179.168,169.224,2,0.002706359946
187,161.656,211.2,183.92,179.168,169.224,3,0.004059539919
187.088,161.656,211.2,183.92,179.168,169.224,4,0.005412719892
187.088,161.656,211.2,183.92,179.168,169.312,5,0.006765899865
187.088,161.656,211.2,184.008,179.168,169.312,6,0.008119079838
187.088,161.656,211.2,183.92,179.168,169.224,7,0.009472259811
187.088,161.656,211.2,184.008,179.168,169.224,8,0.01082543978
187,161.656,211.2,184.008,179.168,169.224,9,0.01217861976
187,161.656,211.2,184.008,179.168,169.224,10,0.01353179973
187,161.656,211.2,183.92,179.168,169.224,11,0.0148849797
187,161.656,211.2,183.92,179.168,169.224,12,0.01623815968
187,161.656,211.2,184.008,179.168,169.224,13,0.01759133965
187.088,161.656,211.2,183.92,179.168,169.224,14,0.01894451962
187,161.656,211.2,183.92,179.168,169.224,15,0.02029769959
187,161.656,211.2,184.008,179.168,169.224,16,0.02165087957
187,161.656,211.2,183.92,179.168,169.224,17,0.02300405954
187.088,161.656,211.2,184.008,179.168,169.224,18,0.02435723951
187.088,161.744,211.2,183.92,179.168,169.224,19,0.02571041949
187.088,161.744,211.2,183.92,179.168,169.312,20,0.02706359946
187.088,161.744,211.2,184.008,179.168,169.312,21,0.02841677943
187,161.656,211.2,183.92,179.168,169.224,22,0.0297699594
187.088,161.656,211.2,184.008,179.168,169.224,23,0.03112313938
187,161.656,211.2,183.92,179.168,169.312,24,0.03247631935
187.088,161.656,211.2,183.92,179.168,169.224,25,0.03382949932
187,161.656,211.2,184.008,179.168,169.224,26,0.0351826793
187,161.656,211.2,184.008,179.168,169.224,27,0.03653585927
187,161.656,211.288,183.92,179.168,169.224,28,0.03788903924
187.088,161.656,211.376,184.008,179.168,169.224,29,0.03924221922
187,161.656,211.464,183.92,179.168,169.224,30,0.04059539919
187.088,161.656,211.552,184.008,179.168,169.224,31,0.04194857916
187.088,161.568,211.728,184.008,179.168,169.224,32,0.04330175913
187.088,161.568,211.904,183.92,179.168,169.224,33,0.04465493911
187.176,161.48,212.08,183.92,179.168,169.224,34,0.04600811908
187.264,161.392,212.344,184.008,179.168,169.224,35,0.04736129905
187.352,161.392,212.608,183.92,179.168,169.224,36,0.04871447903
187.44,161.304,212.784,184.008,179.168,169.224,37,0.050067659
187.528,161.128,213.048,183.92,179.168,169.224,38,0.05142083897
187.704,161.04,213.312,184.008,179.168,169.224,39,0.05277401894
187.792,160.864,213.664,184.008,179.168,169.224,40,0.05412719892
187.968,160.776,214.016,183.92,179.168,169.312,41,0.05548037889
188.144,160.424,214.456,183.92,179.168,169.224,42,0.05683355886
188.408,160.248,214.896,183.92,179.168,169.312,43,0.05818673884
188.672,160.16,215.336,183.92,179.168,169.224,44,0.05953991881
188.936,159.984,215.776,183.92,179.168,169.224,45,0.06089309878
189.2,159.808,216.304,183.92,179.168,169.224,46,0.06224627876
189.552,159.632,216.832,183.92,179.168,169.224,47,0.06359945873
189.816,159.456,217.184,183.832,179.168,169.224,48,0.0649526387
190.168,159.28,217.712,183.744,179.168,169.224,49,0.06630581867
190.432,159.104,218.24,183.656,179.168,169.224,50,0.06765899865
190.784,159.016,218.856,183.568,179.168,169.224,51,0.06901217862
191.136,158.752,219.472,183.48,179.168,169.224,52,0.07036535859
191.488,158.664,220,183.304,179.168,169.224,53,0.07171853857
191.664,158.576,220.616,183.04,179.168,169.224,54,0.07307171854
192.016,158.488,221.232,182.688,179.168,169.312,55,0.07442489851
192.192,158.4,221.672,182.424,179.168,169.224,56,0.07577807848
192.368,158.4,222.288,181.808,179.168,169.224,57,0.07713125846
192.544,158.4,222.904,181.28,179.168,169.224,58,0.07848443843
192.72,158.4,223.432,180.752,179.168,169.224,59,0.0798376184
192.896,158.4,224.048,180.048,179.168,169.224,60,0.08119079838
192.984,158.488,224.576,179.256,179.168,169.224,61,0.08254397835
193.16,158.576,225.192,178.288,179.168,169.224,62,0.08389715832
193.248,158.664,225.72,177.32,179.168,169.312,63,0.08525033829
193.248,158.752,226.336,176.352,179.168,169.224,64,0.08660351827
193.336,158.84,227.04,175.208,179.168,169.224,65,0.08795669824
193.424,159.016,227.568,174.152,179.168,169.224,66,0.08930987821
193.512,159.104,228.184,172.92,179.168,169.224,67,0.09066305819
193.512,159.192,228.8,171.688,179.168,169.224,68,0.09201623816
193.6,159.28,229.416,170.544,179.168,169.224,69,0.09336941813
193.776,159.456,230.208,169.224,179.168,169.224,70,0.09472259811
193.776,159.544,230.824,168.08,179.256,169.224,71,0.09607577808
193.776,159.632,231.616,166.672,179.344,169.224,72,0.09742895805
193.864,159.808,232.232,165.352,179.256,169.224,73,0.09878213802
193.864,160.072,232.936,164.032,179.256,169.312,74,0.100135318
193.864,160.248,233.728,162.8,179.256,169.224,75,0.101488498
193.864,160.6,234.344,161.568,179.256,169.312,76,0.1028416779
193.864,160.864,235.224,160.424,179.256,169.312,77,0.1041948579
194.04,161.128,236.192,159.192,179.344,169.224,78,0.1055480379
194.04,161.304,237.072,158.224,179.344,169.224,79,0.1069012179
194.128,161.568,237.952,157.256,179.344,169.312,80,0.1082543978
194.128,161.656,238.832,156.2,179.344,169.224,81,0.1096075778
194.216,161.92,239.624,155.232,179.344,169.224,82,0.1109607578
194.392,162.096,240.504,154,179.432,169.224,83,0.1123139378
194.48,162.272,241.384,152.944,179.432,169.224,84,0.1136671177
194.656,162.448,242.176,151.888,179.432,169.312,85,0.1150202977
194.744,162.624,242.968,150.832,179.344,169.224,86,0.1163734777
194.832,162.8,243.584,149.688,179.344,169.224,87,0.1177266576
195.008,162.888,244.2,148.368,179.344,169.224,88,0.1190798376
195.184,163.152,244.904,147.224,179.432,169.224,89,0.1204330176
195.36,163.328,245.432,146.168,179.52,169.224,90,0.1217861976
195.448,163.68,246.136,144.936,179.52,169.224,91,0.1231393775
195.624,164.032,246.752,143.88,179.52,169.224,92,0.1244925575
195.712,164.472,247.368,142.736,179.52,169.224,93,0.1258457375
195.888,164.912,247.896,141.504,179.52,169.312,94,0.1271989175
195.976,165.352,248.512,140.184,179.608,169.224,95,0.1285520974
196.152,165.88,249.128,138.952,179.696,169.224,96,0.1299052774
196.152,166.32,249.744,137.632,179.696,169.224,97,0.1312584574
196.152,166.76,250.36,136.488,179.696,169.224,98,0.1326116373
196.152,167.288,250.976,135.256,179.784,169.224,99,0.1339648173
196.24,167.904,251.504,134.112,179.696,169.224,100,0.1353179973
196.152,168.432,251.856,133.056,179.696,169.224,101,0.1366711773
196.152,169.048,252.208,131.912,179.784,169.312,102,0.1380243572
196.152,169.576,252.56,131.12,179.784,169.224,103,0.1393775372
196.24,170.192,252.736,130.328,179.696,169.224,104,0.1407307172
196.152,170.808,252.912,129.624,179.696,169.224,105,0.1420838972
196.152,171.424,253.088,128.92,179.696,169.224,106,0.1434370771
196.152,171.952,253.264,128.304,179.696,169.224,107,0.1447902571
196.152,172.568,253.44,127.776,179.696,169.224,108,0.1461434371
196.24,173.184,253.44,127.16,179.696,169.224,109,0.1474966171
196.24,173.888,253.352,126.544,179.696,169.224,110,0.148849797
196.416,174.592,253.264,126.192,179.696,169.224,111,0.150202977
196.504,175.296,253.264,125.752,179.696,169.224,112,0.151556157
196.504,176.176,253.176,125.136,179.696,169.312,113,0.1529093369
196.592,176.88,253.088,124.52,179.696,169.312,114,0.1542625169
196.68,177.672,253,123.904,179.696,169.312,115,0.1556156969
196.944,178.464,253,123.112,179.608,169.312,116,0.1569688769
197.12,179.256,252.912,122.232,179.608,169.312,117,0.1583220568
197.296,180.136,252.824,121.44,179.608,169.224,118,0.1596752368
197.384,180.928,252.736,120.384,179.52,169.312,119,0.1610284168
197.56,181.808,252.736,119.416,179.52,169.224,120,0.1623815968
197.648,182.776,252.648,118.36,179.52,169.224,121,0.1637347767
197.824,183.568,252.56,117.216,179.52,169.224,122,0.1650879567
197.912,184.448,252.56,116.072,179.52,169.224,123,0.1664411367
198,185.328,252.56,114.664,179.52,169.312,124,0.1677943166
198.088,186.296,252.56,113.344,179.52,169.224,125,0.1691474966
198.176,187.264,252.736,112.024,179.432,169.312,126,0.1705006766
198.176,188.144,252.824,110.792,179.432,169.224,127,0.1718538566
198.176,189.112,252.912,109.648,179.432,169.312,128,0.1732070365
198.176,189.904,253.088,108.592,179.344,169.312,129,0.1745602165
198.176,190.52,253.176,107.712,179.344,169.224,130,0.1759133965
198.176,191.136,253.176,107.008,179.432,169.224,131,0.1772665765
198.176,191.576,253.264,106.568,179.432,169.224,132,0.1786197564
198.176,191.928,253.264,106.48,179.344,169.224,133,0.1799729364
198.176,192.104,253.176,106.48,179.344,169.312,134,0.1813261164
198.088,192.28,253.264,106.656,179.344,169.224,135,0.1826792963
198.088,192.368,253.264,106.832,179.344,169.224,136,0.1840324763
198.176,192.456,253.264,106.832,179.432,169.312,137,0.1853856563
198.088,192.544,253.352,106.744,179.344,169.224,138,0.1867388363
198.088,192.632,253.352,106.832,179.344,169.224,139,0.1880920162
198.088,192.72,253.44,106.832,179.344,169.312,140,0.1894451962
198.088,192.632,253.528,106.832,179.256,169.312,141,0.1907983762
198.176,192.544,253.616,106.832,179.256,169.224,142,0.1921515562
198.176,192.72,253.968,106.48,179.256,169.224,143,0.1935047361
198.176,192.808,254.056,106.216,179.256,169.224,144,0.1948579161
198.264,192.984,254.144,105.864,179.168,169.224,145,0.1962110961
198.264,193.16,254.32,105.336,179.256,169.224,146,0.197564276
198.264,193.424,254.496,104.896,179.168,169.312,147,0.198917456
198.264,193.776,254.584,104.28,179.256,169.224,148,0.200270636
198.264,193.952,254.672,103.752,179.256,169.312,149,0.201623816
198.352,194.392,254.672,103.136,179.256,169.312,150,0.2029769959
198.264,194.656,254.672,102.432,179.344,169.312,151,0.2043301759
198.352,195.008,254.672,101.728,179.344,169.224,152,0.2056833559
198.44,195.448,254.672,101.024,179.344,169.224,153,0.2070365359
198.44,195.976,254.672,100.32,179.344,169.224,154,0.2083897158
198.528,196.504,254.672,99.44,179.344,169.224,155,0.2097428958
198.44,197.12,254.672,98.648,179.344,169.312,156,0.2110960758
198.44,197.736,254.496,97.68,179.344,169.224,157,0.2124492558
198.528,198.44,254.32,96.8,179.344,169.224,158,0.2138024357
198.528,199.144,254.232,95.92,179.256,169.224,159,0.2151556157
198.616,199.848,254.144,94.952,179.256,169.224,160,0.2165087957
198.704,200.728,253.968,93.896,179.256,169.224,161,0.2178619756
198.792,201.52,253.88,92.752,179.256,169.224,162,0.2192151556
198.88,202.4,253.704,91.608,179.256,169.224,163,0.2205683356
198.88,203.28,253.616,90.376,179.168,169.224,164,0.2219215156
198.88,204.16,253.528,89.232,179.168,169.312,165,0.2232746955
198.968,205.04,253.528,88,179.168,169.224,166,0.2246278755
198.968,206.008,253.528,86.68,179.168,169.312,167,0.2259810555
198.968,206.888,253.44,85.36,179.256,169.312,168,0.2273342355
199.056,207.856,253.44,83.952,179.256,169.224,169,0.2286874154
199.056,208.824,253.44,82.456,179.168,169.224,170,0.2300405954
199.056,209.792,253.44,81.048,179.08,169.312,171,0.2313937754
199.056,210.936,253.352,79.552,179.08,169.224,172,0.2327469553
199.056,211.816,253.264,78.056,179.08,169.312,173,0.2341001353
199.056,212.872,253.176,76.472,179.08,169.224,174,0.2354533153
199.056,213.752,253,75.24,179.08,169.224,175,0.2368064953
199.056,214.632,252.824,74.184,178.992,169.312,176,0.2381596752
198.968,215.248,252.56,73.92,178.992,169.312,177,0.2395128552
198.968,215.424,252.472,74.184,178.992,169.312,178,0.2408660352
199.056,215.6,252.296,74.36,178.992,169.312,179,0.2422192152
199.056,215.6,252.208,74.624,179.08,169.312,180,0.2435723951
198.968,215.6,252.208,74.712,179.256,169.312,181,0.2449255751
199.056,215.688,252.12,74.712,179.256,169.224,182,0.2462787551
199.056,215.776,252.208,74.624,179.256,169.224,183,0.247631935
199.056,215.776,252.208,74.712,179.256,169.312,184,0.248985115
199.056,215.776,252.208,74.624,179.256,169.224,185,0.250338295
199.056,215.952,252.208,74.712,179.168,169.224,186,0.251691475
199.056,216.04,252.208,74.712,179.08,169.224,187,0.2530446549
199.056,216.216,252.208,74.712,179.08,169.312,188,0.2543978349
199.056,216.48,252.12,74.712,179.08,169.312,189,0.2557510149
199.056,216.656,252.032,74.624,179.08,169.224,190,0.2571041949
199.056,216.744,252.032,74.624,178.992,169.224,191,0.2584573748
199.056,216.656,251.944,74.624,178.992,169.312,192,0.2598105548
199.056,216.744,251.856,74.624,179.08,169.224,193,0.2611637348
199.056,216.744,251.856,74.624,178.992,169.312,194,0.2625169147
199.056,216.744,251.856,74.624,178.992,169.224,195,0.2638700947
199.056,216.744,251.856,74.624,178.992,169.224,196,0.2652232747
199.056,216.656,251.944,74.624,178.992,169.312,197,0.2665764547
199.056,216.744,252.032,74.624,178.992,169.224,198,0.2679296346
199.056,216.656,252.12,74.624,178.992,169.224,199,0.2692828146
199.056,216.656,252.12,74.624,178.992,169.312,200,0.2706359946
199.056,216.656,252.032,74.624,178.992,169.224,201,0.2719891746
199.056,216.656,252.032,74.624,178.992,169.224,202,0.2733423545
199.056,216.656,252.032,74.624,178.992,169.312,203,0.2746955345
199.056,216.656,252.032,74.624,178.992,169.224,204,0.2760487145
199.056,216.656,252.032,74.624,178.992,169.312,205,0.2774018945
199.056,216.656,252.12,74.624,178.992,169.224,206,0.2787550744
199.056,216.656,252.12,74.624,178.992,169.224,207,0.2801082544
199.056,216.656,252.12,74.624,178.992,169.312,208,0.2814614344
199.056,216.656,252.12,74.624,178.992,169.312,209,0.2828146143
199.056,216.656,252.208,74.624,178.992,169.224,210,0.2841677943
199.056,216.656,252.208,74.624,178.992,169.224,211,0.2855209743
199.056,216.568,252.296,74.624,178.992,169.224,212,0.2868741543
199.056,216.656,252.384,74.536,178.992,169.224,213,0.2882273342
199.056,216.568,252.472,74.536,178.992,169.224,214,0.2895805142
199.056,216.568,252.56,74.536,178.992,169.312,215,0.2909336942
199.056,216.568,252.648,74.448,178.992,169.224,216,0.2922868742
199.056,216.48,252.824,74.448,178.992,169.224,217,0.2936400541
199.056,216.48,252.912,74.448,178.992,169.224,218,0.2949932341
199.056,216.392,253.176,74.448,178.992,169.224,219,0.2963464141
199.056,216.304,253.264,74.36,178.992,169.224,220,0.297699594
199.056,216.304,253.44,74.36,178.992,169.224,221,0.299052774
199.056,216.304,253.528,74.36,178.992,169.312,222,0.300405954
199.056,216.216,253.616,74.36,178.992,169.224,223,0.301759134
199.056,216.128,253.704,74.36,178.992,169.224,224,0.3031123139
199.056,216.128,253.88,74.36,178.992,169.224,225,0.3044654939
199.056,216.128,253.968,74.272,178.992,169.312,226,0.3058186739
199.056,216.04,254.056,74.272,178.992,169.224,227,0.3071718539
199.056,216.04,254.144,74.272,178.992,169.224,228,0.3085250338
199.056,215.952,254.32,74.272,178.992,169.312,229,0.3098782138
199.056,215.952,254.496,74.272,178.992,169.312,230,0.3112313938
199.056,215.864,254.672,74.272,178.992,169.224,231,0.3125845737
199.056,215.776,254.848,74.272,178.992,169.224,232,0.3139377537
199.056,215.688,254.936,74.272,178.992,169.224,233,0.3152909337
199.056,215.6,255.2,74.272,178.992,169.224,234,0.3166441137
199.056,215.6,255.288,74.272,178.992,169.224,235,0.3179972936
199.056,215.512,255.552,74.272,178.992,169.224,236,0.3193504736
199.056,215.424,255.64,74.272,178.992,169.312,237,0.3207036536
199.056,215.424,255.728,74.272,178.992,169.312,238,0.3220568336
199.056,215.336,255.816,74.272,178.992,169.312,239,0.3234100135
199.056,215.336,255.904,74.272,178.992,169.312,240,0.3247631935
199.056,215.336,255.904,74.272,178.992,169.224,241,0.3261163735
199.056,215.336,256.08,74.272,178.992,169.224,242,0.3274695535
199.056,215.336,256.08,74.272,178.992,169.224,243,0.3288227334
199.056,215.248,256.168,74.272,178.992,169.224,244,0.3301759134
199.056,215.16,256.256,74.272,178.992,169.224,245,0.3315290934
199.056,215.16,256.344,74.272,178.992,169.224,246,0.3328822733
199.056,215.16,256.432,74.272,178.992,169.224,247,0.3342354533
199.056,215.16,256.432,74.272,178.992,169.224,248,0.3355886333
199.144,215.16,256.52,74.272,178.992,169.224,249,0.3369418133
199.144,215.072,256.608,74.272,178.992,169.224,250,0.3382949932
199.232,215.072,256.696,74.272,178.992,169.224,251,0.3396481732
199.232,214.984,256.784,74.272,178.992,169.224,252,0.3410013532
199.32,214.896,256.96,74.272,178.992,169.224,253,0.3423545332
199.408,214.896,257.136,74.272,178.992,169.224,254,0.3437077131
199.408,214.896,257.224,74.272,178.992,169.224,255,0.3450608931
199.496,214.808,257.4,74.272,178.992,169.312,256,0.3464140731
199.672,214.808,257.488,74.272,178.992,169.224,257,0.347767253
199.76,214.72,257.664,74.272,178.992,169.224,258,0.349120433
199.76,214.72,257.664,74.272,178.992,169.224,259,0.350473613
199.848,214.544,257.84,74.272,178.992,169.224,260,0.351826793
199.848,214.544,257.928,74.272,178.992,169.224,261,0.3531799729
199.848,214.544,258.016,74.272,178.992,169.224,262,0.3545331529
199.936,214.456,258.192,74.272,178.992,169.312,263,0.3558863329
199.936,214.456,258.192,74.272,178.992,169.224,264,0.3572395129
200.024,214.456,258.28,74.272,178.992,169.312,265,0.3585926928
200.112,214.368,258.368,74.272,178.992,169.224,266,0.3599458728
200.112,214.368,258.368,74.272,178.992,169.224,267,0.3612990528
200.112,214.456,258.368,74.272,178.992,169.224,268,0.3626522327
200.112,214.368,258.368,74.272,178.992,169.224,269,0.3640054127
200.112,214.368,258.456,74.272,178.992,169.224,270,0.3653585927
200.112,214.368,258.544,74.272,178.992,169.224,271,0.3667117727
200.112,214.368,258.632,74.272,178.992,169.224,272,0.3680649526
200.112,214.28,258.72,74.272,178.992,169.224,273,0.3694181326
200.112,214.28,258.808,74.272,178.992,169.224,274,0.3707713126
200.112,214.192,258.896,74.272,178.992,169.224,275,0.3721244926
200.112,214.192,258.984,74.272,178.992,169.224,276,0.3734776725
200.112,214.104,259.16,74.272,178.992,169.312,277,0.3748308525
200.112,214.104,259.248,74.272,178.904,169.224,278,0.3761840325
200.112,214.104,259.424,74.272,178.992,169.312,279,0.3775372124
200.112,214.016,259.512,74.272,178.992,169.224,280,0.3788903924
200.112,213.928,259.688,74.272,178.992,169.312,281,0.3802435724
200.112,213.84,259.864,74.272,178.992,169.224,282,0.3815967524
200.112,213.752,260.128,74.272,178.992,169.224,283,0.3829499323
200.112,213.664,260.392,74.272,178.992,169.224,284,0.3843031123
200.112,213.576,260.568,74.272,178.992,169.224,285,0.3856562923
200.2,213.488,260.832,74.272,178.992,169.224,286,0.3870094723
200.2,213.4,261.096,74.272,178.992,169.224,287,0.3883626522
200.112,213.224,261.448,74.272,178.992,169.224,288,0.3897158322
200.112,213.136,261.624,74.272,178.992,169.224,289,0.3910690122
200.112,213.048,261.888,74.272,178.992,169.312,290,0.3924221922
200.112,212.96,261.976,74.272,178.992,169.224,291,0.3937753721
200.112,212.96,262.24,74.272,178.992,169.224,292,0.3951285521
200.024,212.872,262.504,74.272,178.992,169.224,293,0.3964817321
200.024,212.784,262.68,74.272,178.992,169.224,294,0.397834912
199.936,212.696,262.856,74.272,178.992,169.224,295,0.399188092
199.936,212.608,263.032,74.36,178.992,169.224,296,0.400541272
199.936,212.52,263.208,74.272,178.992,169.224,297,0.401894452
199.848,212.432,263.384,74.272,178.992,169.312,298,0.4032476319
199.848,212.344,263.56,74.272,178.992,169.312,299,0.4046008119
199.848,212.344,263.736,74.272,178.992,169.224,300,0.4059539919
199.76,212.344,263.736,74.272,178.992,169.224,301,0.4073071719
199.672,212.256,263.912,74.272,178.992,169.312,302,0.4086603518
199.584,212.256,264,74.272,178.992,169.224,303,0.4100135318
199.496,212.168,264,74.272,178.992,169.224,304,0.4113667118
199.408,212.168,264.088,74.272,178.992,169.224,305,0.4127198917
199.232,212.256,264,74.272,178.992,169.224,306,0.4140730717
198.968,212.256,264,74.272,178.992,169.224,307,0.4154262517
198.704,212.168,264,74.272,178.992,169.224,308,0.4167794317
198.528,212.168,264,74.272,178.992,169.224,309,0.4181326116
198.264,212.168,264,74.272,178.992,169.224,310,0.4194857916
198,212.168,264.088,74.272,178.992,169.224,311,0.4208389716
197.824,212.168,264.088,74.272,178.992,169.224,312,0.4221921516
197.648,212.168,264.088,74.272,178.992,169.224,313,0.4235453315
197.472,212.168,264.088,74.272,178.992,169.224,314,0.4248985115
197.296,212.168,264.088,74.272,178.992,169.224,315,0.4262516915
197.12,212.168,264.088,74.36,178.992,169.224,316,0.4276048714
197.032,212.168,264.088,74.272,178.992,169.224,317,0.4289580514
196.856,212.168,264.088,74.272,178.992,169.312,318,0.4303112314
196.768,212.168,264.088,74.272,178.992,169.224,319,0.4316644114
196.768,212.168,264.088,74.272,178.992,169.312,320,0.4330175913
196.768,212.168,264.088,74.272,178.992,169.224,321,0.4343707713
196.768,212.168,264.176,74.272,178.992,169.224,322,0.4357239513
196.768,212.168,264.176,74.36,178.992,169.224,323,0.4370771313
196.768,212.168,264.176,74.272,178.992,169.224,324,0.4384303112
196.68,212.168,264.176,74.36,178.992,169.224,325,0.4397834912
196.68,212.168,264.176,74.36,178.992,169.224,326,0.4411366712
196.68,212.168,264.176,74.272,178.992,169.224,327,0.4424898512
196.592,212.168,264.176,74.272,178.992,169.312,328,0.4438430311
196.416,212.08,264.176,74.36,178.992,169.224,329,0.4451962111
196.328,212.08,264.176,74.36,178.992,169.224,330,0.4465493911
196.328,212.08,264.176,74.36,178.992,169.224,331,0.447902571
196.328,212.08,264.176,74.36,178.992,169.224,332,0.449255751
196.328,212.08,264.176,74.36,178.992,169.224,333,0.450608931
196.328,212.08,264.176,74.448,178.992,169.224,334,0.451962111
196.24,212.08,264.176,74.448,178.992,169.224,335,0.4533152909
196.24,212.08,264.176,74.448,178.992,169.224,336,0.4546684709
196.328,212.08,264.176,74.448,178.992,169.312,337,0.4560216509
196.24,211.992,264.176,74.448,178.992,169.224,338,0.4573748309
196.328,211.992,264.176,74.448,178.992,169.312,339,0.4587280108
196.24,211.992,264.264,74.448,178.992,169.224,340,0.4600811908
196.24,211.992,264.264,74.448,178.992,169.312,341,0.4614343708
196.24,212.08,264.264,74.448,178.992,169.224,342,0.4627875507
196.24,211.992,264.264,74.448,178.992,169.312,343,0.4641407307
196.24,211.992,264.264,74.448,178.992,169.224,344,0.4654939107
196.152,211.992,264.264,74.536,178.992,169.224,345,0.4668470907
196.064,211.992,264.176,74.536,178.992,169.224,346,0.4682002706
195.976,211.992,264.264,74.536,178.992,169.224,347,0.4695534506
195.888,211.992,264.176,74.536,178.992,169.224,348,0.4709066306
195.712,211.992,264.176,74.536,178.992,169.224,349,0.4722598106
195.536,211.992,264.176,74.624,178.992,169.224,350,0.4736129905
195.448,211.992,264.264,74.536,178.992,169.312,351,0.4749661705
195.272,211.992,264.176,74.536,178.992,169.224,352,0.4763193505
195.096,211.992,264.264,74.536,178.992,169.224,353,0.4776725304
195.008,211.992,264.176,74.536,178.992,169.224,354,0.4790257104
194.92,211.992,264.176,74.536,178.992,169.224,355,0.4803788904
194.832,211.992,264.264,74.536,178.992,169.312,356,0.4817320704
194.656,211.992,264.264,74.536,178.992,169.224,357,0.4830852503
194.48,211.992,264.176,74.624,178.992,169.224,358,0.4844384303
194.216,211.904,264.176,74.536,178.992,169.224,359,0.4857916103
194.128,211.904,264.264,74.624,178.992,169.224,360,0.4871447903
193.864,211.904,264.176,74.624,178.992,169.224,361,0.4884979702
193.688,211.904,264.264,74.624,178.992,169.224,362,0.4898511502
193.424,211.904,264.264,74.624,178.992,169.224,363,0.4912043302
193.16,211.904,264.264,74.712,178.992,169.224,364,0.4925575101
192.896,211.816,264.176,74.712,178.992,169.224,365,0.4939106901
192.544,211.816,264.176,74.712,178.992,169.312,366,0.4952638701
192.368,211.816,264.264,74.712,178.992,169.224,367,0.4966170501
192.104,211.816,264.264,74.712,178.992,169.312,368,0.49797023
191.84,211.816,264.264,74.712,178.992,169.224,369,0.49932341
191.664,211.816,264.264,74.712,178.992,169.224,370,0.50067659
191.4,211.816,264.264,74.712,178.992,169.224,371,0.50202977
191.136,211.816,264.264,74.712,178.992,169.224,372,0.5033829499
190.872,211.816,264.264,74.712,178.992,169.224,373,0.5047361299
190.608,211.816,264.264,74.712,178.992,169.224,374,0.5060893099
190.256,211.816,264.264,74.712,178.992,169.224,375,0.5074424899
189.992,211.816,264.176,74.712,178.992,169.224,376,0.5087956698
189.728,211.816,264.264,74.624,178.992,169.224,377,0.5101488498
189.376,211.816,264.264,74.712,178.992,169.224,378,0.5115020298
189.112,211.816,264.176,74.712,178.992,169.224,379,0.5128552097
188.76,211.816,264.176,74.712,178.992,169.224,380,0.5142083897
188.496,211.816,264.176,74.712,178.992,169.312,381,0.5155615697
188.144,211.816,264.176,74.712,178.992,169.224,382,0.5169147497
187.88,211.816,264.176,74.712,178.992,169.224,383,0.5182679296
187.616,211.816,264.176,74.624,178.992,169.224,384,0.5196211096
187.352,211.816,264.176,74.712,178.992,169.224,385,0.5209742896
187.088,211.816,264.176,74.712,178.992,169.224,386,0.5223274696
186.824,211.816,264.176,74.624,178.992,169.312,387,0.5236806495
186.56,211.816,264.176,74.712,178.992,169.224,388,0.5250338295
186.296,211.816,264.176,74.624,178.992,169.224,389,0.5263870095
186.032,211.816,264.176,74.712,178.992,169.224,390,0.5277401894
185.68,211.816,264.176,74.712,178.992,169.224,391,0.5290933694
185.416,211.816,264.176,74.712,178.992,169.224,392,0.5304465494
185.152,211.816,264.176,74.712,178.992,169.224,393,0.5317997294
184.8,211.816,264.176,74.712,178.992,169.224,394,0.5331529093
184.448,211.816,264.176,74.624,178.992,169.224,395,0.5345060893
184.184,211.816,264.176,74.624,178.992,169.224,396,0.5358592693
183.92,211.816,264.176,74.712,178.992,169.224,397,0.5372124493
183.568,211.816,264.176,74.712,178.992,169.312,398,0.5385656292
183.392,211.816,264.176,74.712,178.992,169.224,399,0.5399188092
183.128,211.816,264.176,74.712,178.992,169.224,400,0.5412719892
182.864,211.816,264.176,74.712,178.992,169.224,401,0.5426251691
182.6,211.816,264.176,74.712,178.992,169.224,402,0.5439783491
182.248,211.816,264.176,74.624,178.992,169.312,403,0.5453315291
182.072,211.816,264.176,74.712,178.992,169.224,404,0.5466847091
181.72,211.816,264.176,74.712,178.992,169.224,405,0.548037889
181.456,211.816,264.176,74.712,178.992,169.224,406,0.549391069
181.192,211.816,264.176,74.624,178.992,169.224,407,0.550744249
180.928,211.816,264.176,74.712,178.992,169.224,408,0.552097429
180.664,211.816,264.088,74.712,178.992,169.224,409,0.5534506089
180.488,211.816,264.176,74.712,178.992,169.224,410,0.5548037889
180.224,211.816,264.176,74.712,178.992,169.224,411,0.5561569689
180.048,211.816,264.176,74.624,178.992,169.224,412,0.5575101488
179.96,211.816,264.176,74.712,178.992,169.224,413,0.5588633288
179.96,211.816,264.176,74.624,178.992,169.224,414,0.5602165088
179.872,211.816,264.176,74.624,178.992,169.224,415,0.5615696888
179.872,211.816,264.176,74.712,178.992,169.224,416,0.5629228687
179.872,211.816,264.176,74.712,178.992,169.224,417,0.5642760487
179.96,211.816,264.088,74.712,178.992,169.312,418,0.5656292287
179.872,211.816,264,74.712,178.992,169.312,419,0.5669824087
179.872,211.816,264,74.712,178.992,169.224,420,0.5683355886
179.96,211.816,264,74.624,178.992,169.224,421,0.5696887686
179.872,211.816,264,74.712,178.992,169.224,422,0.5710419486
179.96,211.816,264,74.624,178.992,169.224,423,0.5723951286
179.96,211.816,264,74.712,178.992,169.312,424,0.5737483085
179.96,211.904,263.912,74.624,178.992,169.224,425,0.5751014885
179.96,211.904,263.912,74.712,178.992,169.312,426,0.5764546685
179.96,211.904,263.824,74.624,178.992,169.224,427,0.5778078484
179.96,211.904,263.736,74.712,178.992,169.224,428,0.5791610284
179.96,211.992,263.472,74.712,178.992,169.224,429,0.5805142084
179.872,212.08,263.296,74.712,178.992,169.312,430,0.5818673884
179.96,212.08,263.032,74.712,178.992,169.312,431,0.5832205683
179.96,212.168,262.768,74.712,178.992,169.224,432,0.5845737483
179.96,212.256,262.416,74.8,178.992,169.224,433,0.5859269283
179.872,212.344,262.152,74.8,178.992,169.312,434,0.5872801083
179.96,212.344,261.888,74.888,178.992,169.224,435,0.5886332882
179.96,212.432,261.8,74.888,178.992,169.224,436,0.5899864682
179.96,212.52,261.536,74.976,178.992,169.224,437,0.5913396482
179.96,212.608,261.448,74.888,178.992,169.224,438,0.5926928281
179.872,212.608,261.36,74.888,178.992,169.224,439,0.5940460081
179.96,212.608,261.272,74.888,178.992,169.224,440,0.5953991881
179.96,212.696,261.184,74.976,178.992,169.312,441,0.5967523681
179.96,212.696,261.096,74.976,178.992,169.224,442,0.598105548
179.96,212.784,261.008,74.976,178.992,169.224,443,0.599458728
179.96,212.784,260.832,75.064,178.992,169.224,444,0.600811908
179.96,212.784,260.656,75.152,178.992,169.224,445,0.602165088
179.96,212.784,260.568,75.152,178.992,169.312,446,0.6035182679
179.96,212.784,260.392,75.152,178.992,169.312,447,0.6048714479
179.96,212.784,260.128,75.328,178.992,169.224,448,0.6062246279
179.96,212.872,259.864,75.416,178.992,169.224,449,0.6075778078
179.96,212.872,259.688,75.504,178.992,169.224,450,0.6089309878
179.96,212.872,259.512,75.592,178.992,169.224,451,0.6102841678
179.96,212.872,259.248,75.768,178.992,169.224,452,0.6116373478
179.96,212.96,258.984,75.944,178.992,169.312,453,0.6129905277
179.96,212.872,258.808,75.944,178.992,169.312,454,0.6143437077
179.872,212.96,258.544,76.032,178.992,169.224,455,0.6156968877
179.872,212.96,258.368,76.12,178.992,169.312,456,0.6170500677
179.96,212.96,258.104,76.208,178.992,169.224,457,0.6184032476
179.872,212.96,257.928,76.296,178.992,169.224,458,0.6197564276
179.96,212.96,257.664,76.384,178.992,169.312,459,0.6211096076
179.872,213.048,257.488,76.472,178.992,169.312,460,0.6224627876
179.96,213.048,257.312,76.56,178.992,169.224,461,0.6238159675
179.96,213.048,257.048,76.648,178.992,169.224,462,0.6251691475
179.96,213.136,256.784,76.824,178.992,169.224,463,0.6265223275
179.96,213.136,256.52,76.912,178.992,169.224,464,0.6278755074
179.96,213.136,256.344,77,178.992,169.312,465,0.6292286874
179.96,213.136,256.08,77.088,178.992,169.224,466,0.6305818674
179.96,213.224,255.904,77.264,178.992,169.312,467,0.6319350474
179.96,213.136,255.728,77.352,178.992,169.312,468,0.6332882273
179.96,213.224,255.464,77.528,178.992,169.224,469,0.6346414073
179.96,213.224,255.288,77.616,178.992,169.224,470,0.6359945873
179.96,213.224,255.112,77.792,178.992,169.224,471,0.6373477673
179.96,213.224,255.024,77.88,178.992,169.312,472,0.6387009472
179.96,213.136,254.848,77.968,178.992,169.224,473,0.6400541272
179.96,213.224,254.76,78.056,178.992,169.224,474,0.6414073072
179.96,213.224,254.672,78.144,178.992,169.224,475,0.6427604871
179.96,213.224,254.584,78.232,178.992,169.224,476,0.6441136671
179.96,213.224,254.408,78.32,178.992,169.224,477,0.6454668471
179.96,213.224,254.32,78.408,178.992,169.224,478,0.6468200271
179.96,213.224,254.32,78.408,178.992,169.224,479,0.648173207
179.96,213.224,254.232,78.408,178.992,169.224,480,0.649526387
179.96,213.224,254.144,78.496,178.992,169.224,481,0.650879567
179.96,213.224,254.056,78.496,178.992,169.224,482,0.652232747
179.96,213.224,254.056,78.584,178.992,169.312,483,0.6535859269
179.96,213.224,254.056,78.584,178.992,169.224,484,0.6549391069
179.96,213.224,253.968,78.584,178.992,169.224,485,0.6562922869
179.96,213.224,253.968,78.584,178.992,169.224,486,0.6576454668
179.96,213.224,253.968,78.584,178.992,169.224,487,0.6589986468
179.96,213.312,253.88,78.584,178.992,169.224,488,0.6603518268
179.96,213.4,253.88,78.584,178.992,169.224,489,0.6617050068
179.96,213.4,253.88,78.584,178.992,169.224,490,0.6630581867
179.96,213.4,253.88,78.584,178.992,169.224,491,0.6644113667
179.96,213.4,253.88,78.584,178.992,169.224,492,0.6657645467
179.96,213.4,253.88,78.584,178.992,169.224,493,0.6671177267
179.96,213.4,253.88,78.496,178.992,169.224,494,0.6684709066
179.872,213.4,253.88,78.584,178.992,169.312,495,0.6698240866
179.96,213.4,253.88,78.584,178.992,169.312,496,0.6711772666
179.96,213.4,253.88,78.584,178.992,169.224,497,0.6725304465
179.96,213.4,253.88,78.584,178.992,169.224,498,0.6738836265
179.96,213.4,253.88,78.584,178.992,169.224,499,0.6752368065
179.96,213.312,253.88,78.584,178.992,169.224,500,0.6765899865
179.96,213.224,253.88,78.584,178.992,169.312,501,0.6779431664
179.872,213.224,253.968,78.584,178.992,169.312,502,0.6792963464
179.96,213.136,254.056,78.584,178.992,169.224,503,0.6806495264
179.96,213.048,254.144,78.672,178.992,169.224,504,0.6820027064
179.96,212.96,254.144,78.76,178.992,169.224,505,0.6833558863
179.96,212.784,254.232,78.936,178.992,169.224,506,0.6847090663
179.96,212.52,254.32,79.2,178.992,169.224,507,0.6860622463
179.96,212.344,254.408,79.64,178.992,169.224,508,0.6874154263
179.96,212.08,254.408,80.08,178.992,169.224,509,0.6887686062
179.96,211.728,254.408,80.784,178.992,169.312,510,0.6901217862
179.872,211.288,254.32,81.488,178.992,169.224,511,0.6914749662
179.96,210.848,254.32,82.28,178.992,169.312,512,0.6928281461
179.96,210.232,254.232,83.16,178.992,169.224,513,0.6941813261
179.872,209.616,254.232,84.216,178.992,169.224,514,0.6955345061
179.96,209,254.232,85.184,178.992,169.224,515,0.6968876861
179.96,208.208,254.232,86.24,178.992,169.224,516,0.698240866
179.96,207.416,254.232,87.208,178.992,169.224,517,0.699594046
179.96,206.712,254.32,88,178.992,169.224,518,0.700947226
179.96,206.008,254.32,88.528,178.992,169.224,519,0.702300406
179.96,205.128,254.32,89.144,178.992,169.224,520,0.7036535859
179.96,204.248,254.232,89.76,178.992,169.224,521,0.7050067659
180.048,203.456,254.32,90.2,178.992,169.312,522,0.7063599459
180.048,202.664,254.32,90.64,178.992,169.312,523,0.7077131258
179.96,201.872,254.232,91.08,178.992,169.224,524,0.7090663058
179.96,201.08,254.232,91.608,178.992,169.224,525,0.7104194858
179.96,200.2,254.144,92.048,178.992,169.224,526,0.7117726658
180.048,199.408,254.144,92.576,178.992,169.312,527,0.7131258457
180.048,198.528,254.056,93.192,178.992,169.224,528,0.7144790257
180.048,197.56,253.968,93.984,178.992,169.224,529,0.7158322057
180.048,196.68,253.792,95.04,178.992,169.224,530,0.7171853857
180.136,195.8,253.528,95.92,178.992,169.312,531,0.7185385656
180.048,194.92,253.352,97.152,178.992,169.224,532,0.7198917456
180.136,193.776,253,98.472,178.992,169.224,533,0.7212449256
180.136,192.808,252.648,99.968,178.992,169.224,534,0.7225981055
180.136,191.664,252.208,101.552,178.992,169.224,535,0.7239512855
180.136,190.608,251.68,103.136,178.992,169.224,536,0.7253044655
180.224,189.464,251.064,104.808,178.992,169.224,537,0.7266576455
180.136,188.232,250.448,106.304,178.992,169.312,538,0.7280108254
180.224,187,249.744,107.976,178.992,169.224,539,0.7293640054
180.136,185.856,249.128,109.56,178.992,169.224,540,0.7307171854
180.224,184.624,248.336,111.056,178.992,169.224,541,0.7320703654
180.224,183.48,247.72,112.552,178.992,169.224,542,0.7334235453
180.224,182.336,247.016,113.96,178.992,169.224,543,0.7347767253
180.224,181.192,246.224,115.544,178.992,169.224,544,0.7361299053
180.312,180.136,245.608,116.952,178.992,169.224,545,0.7374830853
180.312,179.08,244.992,118.36,178.992,169.224,546,0.7388362652
180.4,178.112,244.2,119.68,178.992,169.224,547,0.7401894452
180.488,177.144,243.496,121,178.992,169.224,548,0.7415426252
180.488,176.176,242.704,122.496,178.992,169.312,549,0.7428958051
180.664,175.296,241.912,123.816,178.992,169.224,550,0.7442489851
180.752,174.416,241.032,125.224,179.08,169.224,551,0.7456021651
180.928,173.624,240.152,126.632,179.08,169.312,552,0.7469553451
181.016,172.832,239.272,127.952,179.08,169.224,553,0.748308525
181.192,172.216,238.304,129.36,179.08,169.312,554,0.749661705
181.28,171.512,237.336,130.768,179.08,169.224,555,0.751014885
181.456,170.896,236.192,132.264,179.08,169.312,556,0.752368065
181.544,170.368,235.312,133.584,179.08,169.224,557,0.7537212449
181.632,169.752,234.344,134.992,179.08,169.224,558,0.7550744249
181.72,169.312,233.464,136.312,179.08,169.224,559,0.7564276049
181.808,168.872,232.584,137.544,179.08,169.224,560,0.7577807848
181.896,168.432,231.616,138.776,179.08,169.224,561,0.7591339648
182.072,168.08,230.648,140.008,179.08,169.224,562,0.7604871448
182.072,167.816,229.768,141.152,179.08,169.312,563,0.7618403248
182.072,167.552,228.888,142.208,179.08,169.224,564,0.7631935047
182.16,167.288,228.184,143.264,179.08,169.224,565,0.7645466847
182.16,166.936,227.48,144.32,179.08,169.224,566,0.7658998647
182.16,166.672,226.776,145.288,179.08,169.224,567,0.7672530447
182.16,166.408,225.896,146.344,179.08,169.224,568,0.7686062246
182.16,166.144,225.192,147.312,179.08,169.224,569,0.7699594046
182.16,165.88,224.4,148.368,179.08,169.224,570,0.7713125846
182.16,165.616,223.432,149.512,179.08,169.224,571,0.7726657645
182.16,165.352,222.64,150.568,179.08,169.224,572,0.7740189445
182.16,165.088,221.672,151.624,179.08,169.224,573,0.7753721245
182.16,164.736,220.792,152.68,179.08,169.224,574,0.7767253045
182.16,164.56,219.912,153.736,179.08,169.224,575,0.7780784844
182.16,164.208,219.032,154.968,179.08,169.224,576,0.7794316644
182.16,164.032,218.152,156.024,179.08,169.224,577,0.7807848444
182.072,163.68,217.272,157.08,179.08,169.224,578,0.7821380244
182.072,163.504,216.48,158.136,179.08,169.224,579,0.7834912043
182.072,163.24,215.688,159.104,179.08,169.224,580,0.7848443843
181.984,162.976,214.984,160.072,179.08,169.224,581,0.7861975643
182.072,162.8,214.192,161.04,179.08,169.224,582,0.7875507442
181.984,162.624,213.488,162.008,179.08,169.224,583,0.7889039242
181.984,162.448,212.784,162.888,179.08,169.312,584,0.7902571042
181.984,162.272,212.168,163.768,179.08,169.224,585,0.7916102842
181.896,162.096,211.552,164.648,179.08,169.224,586,0.7929634641
181.896,162.008,210.936,165.528,179.08,169.224,587,0.7943166441
181.808,161.832,210.408,166.496,179.08,169.224,588,0.7956698241
181.72,161.744,209.88,167.288,179.08,169.224,589,0.7970230041
181.72,161.656,209.352,168.08,179.08,169.312,590,0.798376184
181.632,161.568,208.824,168.696,178.992,169.224,591,0.799729364
181.544,161.568,208.296,169.224,178.992,169.224,592,0.801082544
181.544,161.392,207.592,169.928,178.992,169.224,593,0.802435724
181.544,161.216,207.064,170.632,178.992,169.224,594,0.8037889039
181.544,161.128,206.536,171.248,178.992,169.224,595,0.8051420839
181.544,160.952,206.008,171.864,178.992,169.224,596,0.8064952639
181.544,160.864,205.48,172.304,178.992,169.224,597,0.8078484438
181.544,160.776,205.128,172.92,178.992,169.224,598,0.8092016238
181.544,160.688,204.688,173.448,178.992,169.224,599,0.8105548038
181.544,160.6,204.248,173.888,179.08,169.224,600,0.8119079838
181.544,160.424,203.984,174.416,178.992,169.224,601,0.8132611637
181.456,160.336,203.544,174.944,179.08,169.224,602,0.8146143437
181.456,160.336,203.192,175.56,178.992,169.224,603,0.8159675237
181.456,160.336,202.928,176.088,179.08,169.224,604,0.8173207037
181.368,160.248,202.664,176.704,178.992,169.224,605,0.8186738836
181.28,160.248,202.224,177.32,178.992,169.224,606,0.8200270636
181.192,160.16,201.96,177.936,179.08,169.224,607,0.8213802436
181.104,160.16,201.608,178.464,179.08,169.224,608,0.8227334235
181.016,160.16,201.344,178.992,179.08,169.224,609,0.8240866035
180.928,160.072,201.08,179.344,179.08,169.224,610,0.8254397835
180.84,160.072,200.904,179.608,179.08,169.224,611,0.8267929635
180.752,160.072,200.64,179.872,179.08,169.224,612,0.8281461434
180.576,160.16,200.464,180.224,179.08,169.224,613,0.8294993234
180.488,160.072,200.288,180.488,179.08,169.224,614,0.8308525034
180.4,160.072,200.112,180.576,179.08,169.224,615,0.8322056834
180.312,160.16,199.936,180.664,179.08,169.224,616,0.8335588633
180.312,160.072,199.848,180.752,179.08,169.224,617,0.8349120433
180.224,159.984,199.76,180.664,179.08,169.224,618,0.8362652233
180.224,159.984,199.672,180.752,179.08,169.312,619,0.8376184032
180.224,159.896,199.672,180.752,179.08,169.224,620,0.8389715832
180.224,159.808,199.672,180.752,179.08,169.224,621,0.8403247632
180.224,159.72,199.672,180.752,179.08,169.224,622,0.8416779432
180.224,159.632,199.672,180.752,179.08,169.224,623,0.8430311231
180.224,159.544,199.672,180.752,179.08,169.224,624,0.8443843031
180.224,159.544,199.672,180.752,179.08,169.224,625,0.8457374831
180.224,159.456,199.76,180.752,179.08,169.224,626,0.8470906631
180.224,159.456,199.76,180.752,179.08,169.224,627,0.848443843
180.312,159.368,199.848,180.752,179.08,169.224,628,0.849797023
180.224,159.368,199.848,180.664,179.08,169.224,629,0.851150203
180.224,159.28,199.848,180.752,179.08,169.224,630,0.8525033829
180.224,159.28,199.936,180.752,179.08,169.224,631,0.8538565629
180.224,159.28,200.024,180.752,179.08,169.224,632,0.8552097429
180.224,159.28,200.024,180.752,179.08,169.224,633,0.8565629229
180.136,159.192,200.024,180.664,179.08,169.224,634,0.8579161028
180.048,159.192,200.024,180.752,179.08,169.224,635,0.8592692828
180.048,159.192,200.024,180.752,179.08,169.224,636,0.8606224628
179.96,159.192,200.112,180.752,179.08,169.224,637,0.8619756428
179.96,159.192,200.112,180.752,178.992,169.312,638,0.8633288227
179.872,159.192,200.112,180.752,179.08,169.224,639,0.8646820027
179.872,159.192,200.2,180.752,179.08,169.224,640,0.8660351827
179.872,159.192,200.2,180.752,178.992,169.224,641,0.8673883627
179.784,159.192,200.288,180.752,179.08,169.224,642,0.8687415426
179.696,159.192,200.376,180.752,179.08,169.224,643,0.8700947226
179.696,159.192,200.376,180.664,179.08,169.224,644,0.8714479026
179.608,159.192,200.464,180.752,179.08,169.224,645,0.8728010825
179.608,159.28,200.552,180.752,178.992,169.224,646,0.8741542625
179.608,159.28,200.64,180.752,178.992,169.224,647,0.8755074425
179.52,159.28,200.64,180.752,178.992,169.224,648,0.8768606225
179.608,159.28,200.728,180.752,178.992,169.224,649,0.8782138024
179.608,159.28,200.816,180.752,178.992,169.224,650,0.8795669824
179.52,159.28,200.904,180.752,179.08,169.224,651,0.8809201624
179.52,159.368,201.08,180.752,178.992,169.224,652,0.8822733424
179.52,159.368,201.168,180.752,179.08,169.224,653,0.8836265223
179.52,159.456,201.256,180.664,178.992,169.224,654,0.8849797023
179.52,159.456,201.344,180.752,179.08,169.224,655,0.8863328823
179.432,159.544,201.432,180.752,178.992,169.224,656,0.8876860622
179.344,159.632,201.432,180.752,178.992,169.224,657,0.8890392422
179.256,159.632,201.52,180.664,179.08,169.224,658,0.8903924222
179.256,159.72,201.52,180.752,178.992,169.224,659,0.8917456022
179.08,159.896,201.608,180.664,178.992,169.224,660,0.8930987821
178.992,159.984,201.696,180.752,179.08,169.224,661,0.8944519621
178.904,160.072,201.696,180.664,178.992,169.224,662,0.8958051421
178.816,160.248,201.784,180.752,178.992,169.224,663,0.8971583221
178.64,160.336,201.784,180.664,178.992,169.224,664,0.898511502
178.552,160.6,201.872,180.664,179.08,169.224,665,0.899864682
178.376,160.688,201.96,180.664,178.992,169.224,666,0.901217862
178.288,160.864,202.136,180.752,178.992,169.224,667,0.9025710419
178.112,161.04,202.136,180.752,178.992,169.224,668,0.9039242219
177.936,161.216,202.224,180.752,178.992,169.224,669,0.9052774019
177.848,161.392,202.312,180.664,178.992,169.224,670,0.9066305819
177.672,161.568,202.4,180.664,178.992,169.224,671,0.9079837618
177.496,161.744,202.488,180.664,178.992,169.224,672,0.9093369418
177.32,162.008,202.576,180.664,178.992,169.224,673,0.9106901218
177.232,162.272,202.664,180.576,178.992,169.312,674,0.9120433018
177.144,162.448,202.664,180.576,178.992,169.312,675,0.9133964817
177.056,162.624,202.752,180.488,178.992,169.224,676,0.9147496617
176.968,162.888,202.752,180.4,178.992,169.312,677,0.9161028417
176.88,163.064,202.752,180.224,178.992,169.224,678,0.9174560217
176.792,163.24,202.84,180.048,178.992,169.224,679,0.9188092016
176.704,163.416,202.84,179.872,178.992,169.224,680,0.9201623816
176.616,163.592,203.016,179.696,178.992,169.224,681,0.9215155616
176.528,163.768,203.016,179.432,178.992,169.224,682,0.9228687415
176.528,163.944,203.104,179.256,178.992,169.224,683,0.9242219215
176.528,164.12,203.192,178.992,178.992,169.224,684,0.9255751015
176.44,164.208,203.192,178.728,178.992,169.312,685,0.9269282815
176.44,164.384,203.28,178.464,178.992,169.224,686,0.9282814614
176.44,164.472,203.368,178.2,178.992,169.224,687,0.9296346414
176.44,164.56,203.456,177.936,178.992,169.224,688,0.9309878214
176.528,164.736,203.544,177.584,178.992,169.224,689,0.9323410014
176.44,164.736,203.72,177.232,178.992,169.224,690,0.9336941813
176.44,164.824,203.808,176.968,178.992,169.224,691,0.9350473613
176.44,164.912,203.984,176.704,178.992,169.224,692,0.9364005413
176.44,165.088,204.072,176.44,178.992,169.224,693,0.9377537212
176.44,165.176,204.16,176.264,178.992,169.224,694,0.9391069012
176.44,165.264,204.248,176,178.992,169.224,695,0.9404600812
176.44,165.352,204.248,175.824,178.992,169.224,696,0.9418132612
176.44,165.44,204.248,175.648,178.992,169.224,697,0.9431664411
176.44,165.528,204.336,175.472,178.992,169.312,698,0.9445196211
176.44,165.616,204.248,175.384,178.992,169.224,699,0.9458728011
176.352,165.704,204.248,175.296,178.992,169.224,700,0.9472259811
176.352,165.88,204.248,175.208,178.992,169.224,701,0.948579161
176.352,165.88,204.248,175.032,178.992,169.224,702,0.949932341
176.352,165.968,204.248,174.944,178.992,169.224,703,0.951285521
176.352,166.056,204.248,174.944,178.992,169.312,704,0.9526387009
176.352,166.144,204.248,174.856,178.992,169.224,705,0.9539918809
176.352,166.232,204.248,174.856,178.992,169.224,706,0.9553450609
176.352,166.232,204.248,174.768,178.992,169.224,707,0.9566982409
176.264,166.32,204.248,174.768,178.992,169.224,708,0.9580514208
176.352,166.408,204.248,174.68,178.992,169.224,709,0.9594046008
176.264,166.408,204.336,174.68,178.992,169.224,710,0.9607577808
176.264,166.408,204.248,174.68,178.992,169.224,711,0.9621109608
176.264,166.496,204.248,174.68,178.992,169.224,712,0.9634641407
176.264,166.496,204.248,174.68,178.992,169.224,713,0.9648173207
176.264,166.496,204.248,174.68,178.992,169.312,714,0.9661705007
176.264,166.584,204.248,174.68,178.992,169.224,715,0.9675236806
176.176,166.584,204.248,174.68,178.992,169.312,716,0.9688768606
176.176,166.584,204.336,174.592,178.992,169.224,717,0.9702300406
176.176,166.584,204.248,174.592,178.992,169.224,718,0.9715832206
176.088,166.584,204.336,174.592,178.992,169.224,719,0.9729364005
176.088,166.584,204.248,174.592,178.992,169.224,720,0.9742895805
176.088,166.584,204.248,174.592,178.992,169.224,721,0.9756427605
176.088,166.584,204.248,174.592,178.992,169.224,722,0.9769959405
176.088,166.584,204.336,174.592,178.992,169.224,723,0.9783491204
176.088,166.672,204.248,174.592,178.992,169.224,724,0.9797023004
176.088,166.672,204.248,174.592,178.992,169.224,725,0.9810554804
176.088,166.672,204.248,174.592,178.992,169.224,726,0.9824086604
176.088,166.672,204.336,174.592,178.992,169.224,727,0.9837618403
176.088,166.672,204.248,174.592,178.992,169.224,728,0.9851150203
176.088,166.76,204.248,174.592,178.992,169.312,729,0.9864682003
176.088,166.76,204.248,174.592,178.992,169.224,730,0.9878213802
176.088,166.76,204.248,174.592,178.992,169.312,731,0.9891745602
176.088,166.848,204.248,174.504,178.992,169.224,732,0.9905277402
176.088,166.848,204.248,174.504,178.992,169.224,733,0.9918809202
176.088,166.848,204.248,174.504,178.992,169.312,734,0.9932341001
176.088,166.848,204.248,174.416,178.992,169.224,735,0.9945872801
176.088,166.848,204.248,174.416,178.992,169.312,736,0.9959404601
176.088,166.936,204.248,174.328,178.992,169.224,737,0.9972936401
176.088,166.936,204.248,174.328,178.992,169.224,738,0.99864682
176.088,166.936,204.248,174.24,178.992,169.224,739,1